"Database","Schema","Object","ReferencedDatabase","ReferencedSchema","ReferencedObject"
"PZLPROD","LOG","uspUpdateAHDD","","LOG","AHDD_ARBID"
"PZLPROD","LOG","uspUpdateAHDD","","LOG","AHDD_ORDER"
"PZLPROD","LOG","uspUpdateAHDD","","LOG","AHDD_PSPNR"
"PZLPROD","LOG","uspUpdateAHDD","","LOG","AHDD_VORNR"
"PZLPROD","LOG","uspUpdateAHDD","","LOG","ReportErrorInfo"
"PZLPROD","LOG","uspUpdateAHDD","","LOG","uspGetErrorInfo"
"PZLPROD","LOG","uspUpdateAHDD","","LOG","uspUpdateAHDD_ORDER"
"PZLPROD","LOG","uspUpdateAHDD","","LOG","uspUpdateAHDD_PSPNR"
"PZLPROD","LOG","uspUpdateAHDD","","LOG","uspUpdateAHDD_VORNR"
"PZLPROD","LOG","uspUpdateAHDD","","LOG","uspUpdateReportErrorInfo"
"PZLPROD","LOG","uspUpdateAHDD_VORNR","","","Z_R3_AFVC_TBL"
"PZLPROD","LOG","uspUpdateAHDD_VORNR","","","Z_R3_AFVV_TBL"
"PZLPROD","LOG","uspUpdateAHDD_VORNR","","LOG","AHDD_ARBID"
"PZLPROD","LOG","uspUpdateAHDD_VORNR","","LOG","AHDD_ORDER"
"PZLPROD","LOG","uspUpdateAHDD_VORNR","","LOG","AHDD_PSPNR"
"PZLPROD","LOG","uspUpdateAHDD_VORNR","","LOG","AHDD_VORNR"
"PZLPROD","LOG","uspUpdateAHDD_VORNR","","LOG","EmployeesHist"
"PZLPROD","LOG","uspUpdateAHDD_VORNR","","LOG","LaborHours"
"PZLPROD","LOG","uspUpdateAHDD_VORNR","","LOG","MaxCEWB"
"PZLPROD","LOG","uspUpdateAHDD_VORNR","","LOG","PeriodDates"
"PZLPROD","LOG","uspUpdateAHDD_VORNR","","LOG","PLANOWANE"
"PZLPROD","LOG","uspUpdateAHDD_VORNR","","LOG","ReportErrorInfo"
"PZLPROD","LOG","uspUpdateAHDD_VORNR","","LOG","Stanowiska"
"PZLPROD","LOG","uspUpdateAHDD_VORNR","","LOG","StanowiskaIPT"
"PZLPROD","LOG","uspUpdateAHDD_VORNR","","LOG","uspGetErrorInfo"
"PZLPROD","LOG","uspUpdateAHDD_VORNR","","LOG","uspUpdateReportErrorInfo"
"PZLPROD","LOG","uspUpdateAHDD_VORNR","","LOG","uspUpdateZMTO"
"PZLPROD","LOG","uspUpdateAHDD_VORNR","","LOG","vAHDD"
"PZLPROD","LOG","uspUpdateAHDD_VORNR","","LOG","WBS"
"PZLPROD","LOG","uspUpdateAHDD_VORNR","","LOG","ZMTO_VORNR"
"PZLPROD","LOG","uspUpdateZMTO","","LOG","_Parameters"
"PZLPROD","LOG","uspUpdateZMTO","","LOG","AHDD_ORDER"
"PZLPROD","LOG","uspUpdateZMTO","","LOG","AHDD_PSPNR"
"PZLPROD","LOG","uspUpdateZMTO","","LOG","AHDD_VORNR"
"PZLPROD","LOG","uspUpdateZMTO","","LOG","LearningCurve"
"PZLPROD","LOG","uspUpdateZMTO","","LOG","ReportErrorInfo"
"PZLPROD","LOG","uspUpdateZMTO","","LOG","uspGetErrorInfo"
"PZLPROD","LOG","uspUpdateZMTO","","LOG","uspGetZMTO_HIST"
"PZLPROD","LOG","uspUpdateZMTO","","LOG","uspUpdateReportErrorInfo"
"PZLPROD","LOG","uspUpdateZMTO","","LOG","vCzasyMTO"
"PZLPROD","LOG","uspUpdateZMTO","","LOG","WBS"
"PZLPROD","LOG","uspUpdateZMTO","","LOG","ZMTO_ORDER"
"PZLPROD","LOG","uspUpdateZMTO","","LOG","ZMTO_VORNR"
"PZLPROD","LOG","uspUpdateZMTO","","LOG","ZMTO_VORNR_HIST"
"PZLPROD","LOG","vCzasyMTO","","LOG","Z_SOL_SACC_ARCRFT_PSTN_FLW_TABLE_SF"
"PZLPROD","LOG","uspUpdateReportErrorInfo","","LOG","ReportErrorInfo"
"PZLPROD","LOG","uspUpdateReportErrorInfo","","LOG","StatusAktualizacjiRaportow"
"PZLPROD","LOG","uspUpdateReportErrorInfo","","LOG","TableList"
"PZLPROD","LOG","uspUpdateReportErrorInfo","","LOG","uspGetSQLdependencies"
"PZLPROD","LOG","uspGetSQLdependencies","","LOG","TableList"
"PZLPROD","LOG","uspGetErrorInfo","","LOG","ReportErrorInfo"
"PZLPROD","LOG","uspGetZMTO_HIST","","LOG","_Parameters"
"PZLPROD","LOG","uspGetZMTO_HIST","","LOG","ZMTO_ORDER"
"PZLPROD","LOG","uspGetZMTO_HIST","","LOG","ZMTO_VORNR"
"PZLPROD","LOG","uspGetZMTO_HIST","master","","spt_values"
"PZLPROD","LOG","vAHDD","","","Z_R3_ZPPE0073_06_TBL"
"PZLPROD","LOG","vAHDD","","LOG","AHDD_ORDER"
"PZLPROD","LOG","vAHDD","","LOG","AHDD_PSPNR"
"PZLPROD","LOG","vAHDD","","LOG","AHDD_VORNR"
"PZLPROD","LOG","vAHDD","","LOG","EmployeesHist"
"PZLPROD","LOG","vAHDD","","LOG","LearningCurve"
"PZLPROD","LOG","vAHDD","","LOG","Stanowiska"
"PZLPROD","LOG","vAHDD","","LOG","WBS"
"PZLPROD","LOG","uspUpdateAHDD_ORDER","","","Z_R3_AFIH_TBL"
"PZLPROD","LOG","uspUpdateAHDD_ORDER","","","Z_R3_AFKO_TBL"
"PZLPROD","LOG","uspUpdateAHDD_ORDER","","","Z_R3_AFPO_TBL"
"PZLPROD","LOG","uspUpdateAHDD_ORDER","","","Z_R3_AUFK_TBL"
"PZLPROD","LOG","uspUpdateAHDD_ORDER","","","Z_R3_ILOA_TBL"
"PZLPROD","LOG","uspUpdateAHDD_ORDER","","","Z_R3_JEST_TBL"
"PZLPROD","LOG","uspUpdateAHDD_ORDER","","","Z_R3_MAKT_TBL"
"PZLPROD","LOG","uspUpdateAHDD_ORDER","","","Z_R3_MARC_TBL"
"PZLPROD","LOG","uspUpdateAHDD_ORDER","","","Z_R3_MATERIALID_TBL"
"PZLPROD","LOG","uspUpdateAHDD_ORDER","","","Z_R3_PLAF_TBL"
"PZLPROD","LOG","uspUpdateAHDD_ORDER","","","Z_R3_ZTL_DATA_TBL"
"PZLPROD","LOG","uspUpdateAHDD_ORDER","","LOG","AHDD_ORDER"
"PZLPROD","LOG","uspUpdateAHDD_ORDER","","LOG","LaborHours"
"PZLPROD","LOG","uspUpdateAHDD_ORDER","","LOG","Planowane"
"PZLPROD","LOG","uspUpdateAHDD_ORDER","","LOG","ReportErrorInfo"
"PZLPROD","LOG","uspUpdateAHDD_ORDER","","LOG","Stanowiska"
"PZLPROD","LOG","uspUpdateAHDD_ORDER","","LOG","ToolOrdersStatus"
"PZLPROD","LOG","uspUpdateAHDD_ORDER","","LOG","uspGetErrorInfo"
"PZLPROD","LOG","uspUpdateAHDD_ORDER","","LOG","uspUpdateReportErrorInfo"
"PZLPROD","LOG","uspUpdateAHDD_ORDER","","LOG","WBS"
"PZLPROD","LOG","uspUpdateAHDD_PSPNR","","","Z_R3_AFIH_TBL"
"PZLPROD","LOG","uspUpdateAHDD_PSPNR","","","Z_R3_AFKO_TBL"
"PZLPROD","LOG","uspUpdateAHDD_PSPNR","","","Z_R3_AFPO_TBL"
"PZLPROD","LOG","uspUpdateAHDD_PSPNR","","","Z_R3_AUFK_TBL"
"PZLPROD","LOG","uspUpdateAHDD_PSPNR","","","Z_R3_ILOA_TBL"
"PZLPROD","LOG","uspUpdateAHDD_PSPNR","","","Z_R3_MARC_TBL"
"PZLPROD","LOG","uspUpdateAHDD_PSPNR","","","Z_R3_PLAF_TBL"
"PZLPROD","LOG","uspUpdateAHDD_PSPNR","","","Z_R3_PRPS_TBL"
"PZLPROD","LOG","uspUpdateAHDD_PSPNR","","LOG","AHDD_ORDER"
"PZLPROD","LOG","uspUpdateAHDD_PSPNR","","LOG","AHDD_PEGGING"
"PZLPROD","LOG","uspUpdateAHDD_PSPNR","","LOG","AHDD_PSPNR"
"PZLPROD","LOG","uspUpdateAHDD_PSPNR","","LOG","ReportErrorInfo"
"PZLPROD","LOG","uspUpdateAHDD_PSPNR","","LOG","uspGetErrorInfo"
"PZLPROD","LOG","uspUpdateAHDD_PSPNR","","LOG","uspUpdateReportErrorInfo"
"PZLPROD","LOG","uspUpdateAHDD_PSPNR","","LOG","vPEGTASS"
"PZLPROD","LOG","uspUpdateAHDD_PSPNR","","LOG","ZPPE0073"
"PZLPROD","LOG","vPEGTASS","","","Z_R3_MAKT_TBL"
"PZLPROD","LOG","vPEGTASS","","","Z_R3_MARC_TBL"
"PZLPROD","LOG","vPEGTASS","","","Z_R3_MATERIALID_TBL"
"PZLPROD","LOG","vPEGTASS","","","Z_R3_PEG_TASS_TBL"
"PZLPROD","LOG","vPEGTASS","","LOG","WBS"
