"RequestedDatabase","RequestedSchema","RequestedObject","ResolvedDatabase","ResolvedSchema","ResolvedObject","ObjectType","ResolutionType","Status","Message"
"PZLPROD","LOG","uspUpdateAHDD","PZLPROD","LOG","uspUpdateAHDD","SQL_STORED_PROCEDURE","DIRECT","EXPORTED",""
"PZLPROD","LOG","uspUpdateAHDD_VORNR","PZLPROD","LOG","uspUpdateAHDD_VORNR","SQL_STORED_PROCEDURE","DIRECT","EXPORTED",""
"PZLPROD","LOG","uspUpdateZMTO","PZLPROD","LOG","uspUpdateZMTO","SQL_STORED_PROCEDURE","DIRECT","EXPORTED",""
"PZLPROD","LOG","vCzasyMTO","PZLPROD","LOG","vCzasyMTO","VIEW","DIRECT","EXPORTED",""
"PZLPROD","LOG","Z_SOL_SACC_ARCRFT_PSTN_FLW_TABLE_SF","PZLPROD","LOG","Z_SOL_SACC_ARCRFT_PSTN_FLW_TABLE_SF","TABLE","DIRECT","EXPORTED",""
"PZLPROD","LOG","ReportErrorInfo","PZLPROD","LOG","ReportErrorInfo","TABLE","DIRECT","EXPORTED",""
"PZLPROD","LOG","WBS","PZLPROD","LOG","WBS","TABLE","DIRECT","EXPORTED",""
"PZLPROD","LOG","_Parameters","PZLPROD","LOG","_Parameters","TABLE","DIRECT","EXPORTED",""
"PZLPROD","LOG","AHDD_VORNR","PZLPROD","LOG","AHDD_VORNR","TABLE","DIRECT","EXPORTED",""
"PZLPROD","LOG","uspUpdateReportErrorInfo","PZLPROD","LOG","uspUpdateReportErrorInfo","SQL_STORED_PROCEDURE","DIRECT","EXPORTED",""
"PZLPROD","LOG","StatusAktualizacjiRaportow","PZLPROD","LOG","StatusAktualizacjiRaportow","TABLE","DIRECT","EXPORTED",""
"PZLPROD","LOG","uspGetSQLdependencies","PZLPROD","LOG","uspGetSQLdependencies","SQL_STORED_PROCEDURE","DIRECT","EXPORTED",""
"PZLPROD","LOG","TableList","PZLPROD","LOG","TableList","TABLE","DIRECT","EXPORTED",""
"PZLPROD","LOG","uspGetErrorInfo","PZLPROD","LOG","uspGetErrorInfo","SQL_STORED_PROCEDURE","DIRECT","EXPORTED",""
"PZLPROD","LOG","LearningCurve","PZLPROD","LOG","LearningCurve","TABLE","DIRECT","EXPORTED",""
"PZLPROD","LOG","AHDD_ORDER","PZLPROD","LOG","AHDD_ORDER","TABLE","DIRECT","EXPORTED",""
"PZLPROD","LOG","AHDD_PSPNR","PZLPROD","LOG","AHDD_PSPNR","TABLE","DIRECT","EXPORTED",""
"PZLPROD","LOG","ZMTO_ORDER","PZLPROD","LOG","ZMTO_ORDER","TABLE","DIRECT","EXPORTED",""
"PZLPROD","LOG","ZMTO_VORNR","PZLPROD","LOG","ZMTO_VORNR","TABLE","DIRECT","EXPORTED",""
"PZLPROD","LOG","uspGetZMTO_HIST","PZLPROD","LOG","uspGetZMTO_HIST","SQL_STORED_PROCEDURE","DIRECT","EXPORTED",""
"master","XXX","spt_values","","","","","","NOT_FOUND",""
"PZLPROD","LOG","ZMTO_VORNR_HIST","PZLPROD","LOG","ZMTO_VORNR_HIST","TABLE","DIRECT","EXPORTED",""
"PZLPROD","LOG","AHDD_ARBID","PZLPROD","LOG","AHDD_ARBID","TABLE","DIRECT","EXPORTED",""
"PZLPROD","LOG","PeriodDates","PZLPROD","LOG","PeriodDates","TABLE","DIRECT","EXPORTED",""
"PZLPROD","LOG","StanowiskaIPT","PZLPROD","LOG","StanowiskaIPT","TABLE","DIRECT","EXPORTED",""
"PZLPROD","LOG","vAHDD","PZLPROD","LOG","vAHDD","VIEW","DIRECT","EXPORTED",""
"PZLPROD","dbo","Z_R3_ZPPE0073_06_TBL","PZL_SAP","dbo","Z_R3_ZPPE0073_06_TBL","SYNONYM","SYNONYM_TARGET","EXPORTED","[PZL_SAP].[dbo].[Z_R3_ZPPE0073_06_TBL]"
"PZLPROD","LOG","Stanowiska","PZLPROD","LOG","Stanowiska","TABLE","DIRECT","EXPORTED",""
"PZLPROD","LOG","EmployeesHist","PZLPROD","LOG","EmployeesHist","TABLE","DIRECT","EXPORTED",""
"PZLPROD","dbo","Z_R3_AFVC_TBL","PZL_SAP","dbo","Z_R3_AFVC_TBL","SYNONYM","SYNONYM_TARGET","EXPORTED","[PZL_SAP].[dbo].[Z_R3_AFVC_TBL]"
"PZLPROD","dbo","Z_R3_AFVV_TBL","PZL_SAP","dbo","Z_R3_AFVV_TBL","SYNONYM","SYNONYM_TARGET","EXPORTED","[PZL_SAP].[dbo].[Z_R3_AFVV_TBL]"
"PZLPROD","LOG","MaxCEWB","PZLPROD","LOG","MaxCEWB","TABLE","DIRECT","EXPORTED",""
"PZLPROD","LOG","PLANOWANE","PZLPROD","LOG","PLANOWANE","TABLE","DIRECT","EXPORTED",""
"PZLPROD","LOG","LaborHours","PZLPROD","LOG","LaborHours","TABLE","DIRECT","EXPORTED",""
"PZLPROD","LOG","uspUpdateAHDD_ORDER","PZLPROD","LOG","uspUpdateAHDD_ORDER","SQL_STORED_PROCEDURE","DIRECT","EXPORTED",""
"PZLPROD","dbo","Z_R3_PLAF_TBL","PZL_SAP","dbo","Z_R3_PLAF_TBL","SYNONYM","SYNONYM_TARGET","EXPORTED","[PZL_SAP].[dbo].[Z_R3_PLAF_TBL]"
"PZLPROD","dbo","Z_R3_AFIH_TBL","PZL_SAP","dbo","Z_R3_AFIH_TBL","SYNONYM","SYNONYM_TARGET","EXPORTED","[PZL_SAP].[dbo].[Z_R3_AFIH_TBL]"
"PZLPROD","dbo","Z_R3_AFKO_TBL","PZL_SAP","dbo","Z_R3_AFKO_TBL","SYNONYM","SYNONYM_TARGET","EXPORTED","[PZL_SAP].[dbo].[Z_R3_AFKO_TBL]"
"PZLPROD","dbo","Z_R3_AFPO_TBL","PZL_SAP","dbo","Z_R3_AFPO_TBL","SYNONYM","SYNONYM_TARGET","EXPORTED","[PZL_SAP].[dbo].[Z_R3_AFPO_TBL]"
"PZLPROD","dbo","Z_R3_ZTL_DATA_TBL","PZL_SAP","dbo","Z_R3_ZTL_DATA_TBL","SYNONYM","SYNONYM_TARGET","EXPORTED","[PZL_SAP].[dbo].[Z_R3_ZTL_DATA_TBL]"
"PZLPROD","dbo","Z_R3_AUFK_TBL","PZL_SAP","dbo","Z_R3_AUFK_TBL","SYNONYM","SYNONYM_TARGET","EXPORTED","[PZL_SAP].[dbo].[Z_R3_AUFK_TBL]"
"PZLPROD","LOG","ToolOrdersStatus","PZLPROD","LOG","ToolOrdersStatus","TABLE","DIRECT","EXPORTED",""
"PZLPROD","dbo","Z_R3_ILOA_TBL","PZL_SAP","dbo","Z_R3_ILOA_TBL","SYNONYM","SYNONYM_TARGET","EXPORTED","[PZL_SAP].[dbo].[Z_R3_ILOA_TBL]"
"PZLPROD","dbo","Z_R3_JEST_TBL","PZL_SAP","dbo","Z_R3_JEST_TBL","SYNONYM","SYNONYM_TARGET","EXPORTED","[PZL_SAP].[dbo].[Z_R3_JEST_TBL]"
"PZLPROD","dbo","Z_R3_MAKT_TBL","PZL_SAP","dbo","Z_R3_MAKT_TBL","SYNONYM","SYNONYM_TARGET","EXPORTED","[PZL_SAP].[dbo].[Z_R3_MAKT_TBL]"
"PZLPROD","dbo","Z_R3_MARC_TBL","PZL_SAP","dbo","Z_R3_MARC_TBL","SYNONYM","SYNONYM_TARGET","EXPORTED","[PZL_SAP].[dbo].[Z_R3_MARC_TBL]"
"PZLPROD","dbo","Z_R3_MATERIALID_TBL","PZL_SAP","dbo","Z_R3_MATERIALID_TBL","SYNONYM","SYNONYM_TARGET","EXPORTED","[PZL_SAP].[dbo].[Z_R3_MATERIALID_TBL]"
"PZLPROD","LOG","uspUpdateAHDD_PSPNR","PZLPROD","LOG","uspUpdateAHDD_PSPNR","SQL_STORED_PROCEDURE","DIRECT","EXPORTED",""
"PZLPROD","dbo","Z_R3_PRPS_TBL","PZL_SAP","dbo","Z_R3_PRPS_TBL","SYNONYM","SYNONYM_TARGET","EXPORTED","[PZL_SAP].[dbo].[Z_R3_PRPS_TBL]"
"PZLPROD","LOG","ZPPE0073","PZLPROD","LOG","ZPPE0073","TABLE","DIRECT","EXPORTED",""
"PZLPROD","LOG","AHDD_PEGGING","PZLPROD","LOG","AHDD_PEGGING","TABLE","DIRECT","EXPORTED",""
"PZLPROD","LOG","vPEGTASS","PZLPROD","LOG","vPEGTASS","VIEW","DIRECT","EXPORTED",""
"PZLPROD","dbo","Z_R3_PEG_TASS_TBL","PZL_SAP","dbo","Z_R3_PEG_TASS_TBL","SYNONYM","SYNONYM_TARGET","EXPORTED","[PZL_SAP].[dbo].[Z_R3_PEG_TASS_TBL]"
